run_id,ts,input,output,message_count,todo_count,file_keys
20250814_210759,20250814_210759,Get information on the latest developments from the leading AI driven robotics companies.,"## Research Complete

I've completed a comprehensive research project on the latest developments from leading AI-driven robotics companies. Here's what I accomplished:

### **Research Overview:**
- Conducted deep research on major AI robotics companies including Boston Dynamics, Tesla, Figure AI, Physical Intelligence, NVIDIA, Chinese manufacturers like Unitree, and many others
- Analyzed technological breakthroughs, funding rounds, strategic partnerships, and emerging trends
- Examined market predictions and challenges facing the industry

### **Key Findings:**
1. **Industry Transformation**: 2024-2025 represents a ""ChatGPT moment for robotics"" with foundation models enabling general-purpose robot intelligence
2. **Massive Investment**: Over $150 billion in AI investments with robotics securing significant portions
3. **Commercial Viability**: Major shift from research prototypes to real-world commercial deployments
4. **Foundation Models**: Breakthrough in robotic foundation models like Physical Intelligence's Ï€0 enabling cross-task generalization
5. **Market Projections**: Humanoid robotics alone projected to reach $38 billion by 2035

### **Report Highlights:**
- **Comprehensive Coverage**: All major players, technologies, funding rounds, and market trends
- **Strategic Insights**: Specific recommendations for investors, companies, and policymakers  
- **Future Roadmap**: Detailed predictions for 2025-2030 development phases
- **Balanced Analysis**: Both opportunities and challenges including technical limitations, regulatory hurdles, and social acceptance barriers

The final report is saved in `final_report.md` and provides a thorough analysis of where the AI robotics industry stands today and where it's heading. The research reveals an industry at a critical inflection point, transitioning from research and development to mass commercial deployment across multiple sectors.",38,6,question.txt;final_report.md
20250814_214021,20250814_214021,Get information on the latest developments from the leading AI driven robotics companies.,"## Research Complete

I've successfully completed comprehensive research on the latest developments from leading AI-driven robotics companies in 2024. The final report covers:

### Major Companies Researched:
- **Boston Dynamics**: Electric Atlas launch, DHL partnership expansion, Orbit platform updates
- **Tesla**: Optimus humanoid robot progress, ""We, Robot"" event, commercial timeline
- **Honda**: ASIMO retirement, Avatar Robot technology, strategic pivot to specialized robotics
- **NVIDIA**: Project GR00T foundation model, Isaac platform updates, Jetson Thor computer
- **Agility Robotics**: First commercial humanoid deployments, RoboFab factory opening, Agility Arc platform
- **Figure AI**: Record $675M funding, OpenAI partnership, Figure-02 robot launch
- **Google/Alphabet**: RT model advances, Apptronik partnership, Open X-Embodiment dataset
- **Emerging Companies**: Sanctuary AI, 1X Technologies, Unitree Robotics, Apptronik

### Key Findings:
- **2024 was an inflection point** from R&D to commercial deployment
- **Record funding rounds** with unprecedented investor confidence
- **First formal commercial humanoid robot deployments** by Agility Robotics
- **Major partnerships** between tech giants and robotics companies
- **Shift toward AI-first approaches** with foundation models and advanced language processing
- **Manufacturing focus** on warehouse, logistics, and industrial applications

The critique identified the report as providing solid coverage with good organization and accuracy, rating it B+ to A-. The report successfully captures the major developments, partnerships, and technological breakthroughs that defined 2024 as a transformative year for AI-driven robotics.

The comprehensive research shows that the industry is transitioning from emerging technology to mainstream industrial application, with humanoid robotics leading the way toward widespread commercial adoption in the coming years.",44,9,question.txt;final_report.md
